,World,Sports,Business,Sci/Tech
World,0.8436842105263158,0.05526315789473684,0.05368421052631579,0.04736842105263158
Sports,0.016842105263157894,0.9494736842105264,0.022631578947368423,0.011052631578947368
Business,0.12105263157894737,0.027894736842105264,0.6826315789473684,0.16842105263157894
Sci/Tech,0.0668421052631579,0.027894736842105264,0.11315789473684211,0.7921052631578948
