,World,Sports,Business,Sci/Tech
World,0.7784210526315789,0.06315789473684211,0.06578947368421052,0.09263157894736843
Sports,0.015789473684210527,0.9347368421052632,0.025789473684210525,0.02368421052631579
Business,0.11473684210526315,0.02894736842105263,0.638421052631579,0.21789473684210525
Sci/Tech,0.05526315789473684,0.021052631578947368,0.12473684210526316,0.7989473684210526
